{
    "_vcs_DPI_package": [
        "_vcs_DPI_package",
        "uM9F1",
        "module",
        1
    ],
    "vcs_paramclassrepository": [
        "vcs_paramclassrepository",
        "hEeZs",
        "module",
        2
    ],
    "_vcs_unit__836723640": [
        "_vcs_unit__836723640",
        "vCIHK",
        "module",
        3
    ],
    "std": [
        "std",
        "reYIK",
        "module",
        4
    ],
    "uvm_pkg": [
        "uvm_pkg",
        "zr7M1",
        "module",
        5
    ],
    "Adder": [
        "Adder",
        "xUt1z",
        "module",
        6
    ],
    "InstMem": [
        "InstMem",
        "BvSy1",
        "module",
        7
    ],
    "Mips_machine": [
        "Mips_machine",
        "JgfiY",
        "module",
        8
    ],
    "mem_if": [
        "mem_if",
        "CVSsc",
        "module",
        9
    ],
    "tbench_top": [
        "tbench_top",
        "Mk7In",
        "module",
        10
    ],
    "...MASTER...": [
        "SIM",
        "amcQw",
        "module",
        11
    ]
}